close,wma,hma
1076.33,1072.64,1062.65
1084.91,1076.54,1069.38
1090.67,1080.54,1074.9
1095.88,1084.5,1078.97
1107.36,1089.72,1081.78
1109.92,1094.32,1084.58
1105.29,1097.25,1087.92
1105.43,1099.72,1091.9
1096.95,1100.12,1096.37
1101.35,1101.17,1100.03
1092.31,1100.25,1102.45
1093.56,1099.26,1103.16
1070.43,1093.9,1102.32
1073.87,1089.54,1099.78
1050.85,1081.4,1096.12
1072.47,1078.21,1090.85
1085.56,1078.09,1084.93
1100.48,1081.03,1079.45
1086.27,1081.48,1075.95
1084.96,1081.89,1075.19
1075.91,1080.95,1076.95
1077.5,1080.6,1080.02
1072.94,1079.71,1082.61
1053.97,1075.33,1083.69
1064.24,1073.17,1081.97
1055.54,1069.19,1078.72
1065.45,1067.32,1074.25
1067,1066.1,1069.98
1076.5,1067.21,1066.39
1073.83,1068.02,1064.52
1065.63,1067.53,1064.31
1059.81,1066.18,1065.47
1057.86,1064.79,1066.91
1046.16,1061.55,1067.61
1034.75,1056.38,1066.9
1014.58,1048.08,1063.98
1016.85,1040.93,1058.79
1020.37,1035.31,1051.7
1015.53,1029.65,1043.73
1034.92,1028.63,1035.66
1030.31,1027.48,1029.14
1019.55,1025.01,1024.98
1018.96,1023.17,1023.19
1013.09,1020.97,1023.04
1027.72,1022.03,1023.27
1023.86,1022.51,1023.24
1014.13,1021.06,1022.82
1022.94,1021.26,1021.91
1010.32,1019.12,1021.1
1013.5,1017.65,1020.47
1033.26,1020.16,1019.67
1041.48,1024.12,1019.2
1090.28,1036.54,1019.57
1084.59,1046.64,1022.73
1072.68,1053.27,1029.47
1083.08,1060.98,1039.13
1088.46,1068.58,1050.56
1077.24,1072.8,1061.92
1062.39,1073.33,1070.87
1077.4,1075.64,1076.28
1079.91,1077.24,1078.48
1083.94,1078.73,1078.36
1096.77,1081.78,1077.88
1101.37,1085.55,1077.77
1104.15,1089.51,1079.19
1121.04,1095.98,1082.53
1127.58,1102.95,1087.72
1121.63,1108.12,1094.14
1130.71,1114.14,1101
1134.38,1119.58,1108.04
1133.53,1123.83,1114.46
1144.14,1129.04,1120.06
1139.61,1132.32,1125
1133.46,1133.71,1129.05
1124.01,1132.8,1132.23
1093.38,1125.96,1134.33
1078.19,1116.86,1134.01
1042.54,1102.18,1130.35
1060.21,1092.14,1122.28
1062.07,1083.73,1110.56
1086.32,1081.04,1096.79
1077.02,1077.52,1084.27
1093.51,1078.21,1075
1089.09,1078.94,1070.89
1069.2,1076.86,1071.51
1067.84,1075.53,1074.56
1057.28,1072.75,1077.86
1046.43,1068.37,1078.87
1025,1060.03,1077.13
1037.22,1054.54,1071.85
1055.63,1052.86,1064.61
1044.97,1049.8,1056.89
1070.05,1051.87,1050.52
1069.13,1054.21,1046.98
1065.18,1056.2,1046.72
1049.23,1055.35,1049.52
1055.6,1056,1053.46
1068.72,1059.07,1057.07
1072.21,1062.37,1059.4
1062.37,1063.02,1060.84
1040.83,1059.3,1061.57
1031.67,1054.18,1061.38
1022.96,1047.71,1060.39
1036.21,1044.52,1057.42
1033.34,1041.4,1052.74
1017.19,1035.92,1046.69
1026.28,1032.68,1040.36
1029.59,1030.57,1035.03
990.59,1022.09,1031.26
958.16,1009.19,1027.83
904.06,988.35,1022.85
946.62,977.73,1013.58
931.6,965.93,1000.41
926.21,954.81,984.17
916.21,943.88,967.08
869.31,926.54,951.53
855.45,909.38,938.13
862.65,896.62,926.09
913.72,896.19,913.95
909.17,896.33,902.71
923.17,899.91,893.26
944.8,907.07,889.04
952.77,915.72,890.73
936.82,921.07,898.65
955.81,929.69,909.91
971.63,940.47,921.66
952.75,945.95,932.46
938.19,947.02,941
909.1,941.42,947.14
916.34,937.22,949.24
942.55,937.66,947.88
938.68,937.04,944.06
960.17,940.45,939.01
973.18,946.08,935.21
974.75,951.33,935.11
956.59,952.94,939.15
965.8,956.5,945.73
957.56,958.32,953.12
957.31,959.75,958.79
956.02,960.06,962.11
983.44,964.64,962.97
967.84,965.64,962.71
968.3,966.19,962.61
970.97,967.08,963.35
984.28,970.43,964.94
984.97,973.73,967.21
997.11,978.72,970.07
993.38,982.47,973.32
984.16,983.89,977.01
965.07,981.35,980.76
977.36,980.88,983.74
976.87,980.43,984.94
980.5,980.47,984.38
967.18,977.87,982.49
984.18,978.44,979.9
988.06,979.71,977.83
995.33,982.24,977.09
1019.15,989.14,977.89
1029.37,997.43,980.79
1030.77,1005.15,985.85
1046.73,1014.58,993.23
1043.24,1022.11,1002.42
1034,1026.75,1012.41
1030.61,1029.81,1021.57
1023.48,1030.42,1028.94
1024.16,1030.43,1033.23
1034.06,1031.59,1034.57
1033.55,1031.95,1033.94
1033.29,1032.01,1032.28
1043.75,1033.89,1030.8
1042.52,1035.31,1030.65
1037.37,1035.88,1031.72
1032.51,1035.67,1033.65
1028.38,1034.73,1035.62
1028.19,1033.8,1036.75
1023.91,1032,1036.74
1025.32,1030.47,1035.53
1036.21,1031.08,1033.36
1036.8,1031.74,1031.23
1036.26,1032.24,1029.89
1044.84,1034.44,1029.65
1053.04,1038.09,1030.77
1051.63,1041.2,1033.19
1052.23,1044.06,1036.49
1044.81,1045.15,1040.23
1037.01,1044.51,1043.61
1056.54,1047.19,1045.96
1051.64,1048.41,1047.5
1058.94,1050.68,1048.08
1058.66,1052.49,1048.51
1062.55,1054.6,1049.38
1063.08,1056.49,1051.06
1056.01,1056.9,1053.41
1068.54,1059.52,1055.87
1076.29,1063.25,1058.11
1074.71,1066.12,1060.2
1083.97,1069.99,1062.5
1086.36,1073.79,1065.18
1091.67,1077.93,1068.62
1098.95,1082.8,1072.68
1094.01,1086.03,1077.32
1101.12,1089.99,1081.91
1116.08,1095.97,1086.25
1117.17,1101.06,1090.71
1112.91,1104.5,1095.21
1117.4,1108.08,1099.67
1106.41,1108.89,1104.16
1126.48,1112.94,1107.88
1120.25,1115.12,1111.11
1129.93,1118.55,1113.53
1135.92,1122.51,1115.55
1140.39,1126.51,1117.89
1137.82,1129.33,1121.01
1140.07,1132.17,1124.71
1146.14,1135.69,1128.71
1135.04,1136.6,1132.66
1146.26,1139.22,1135.68
1160.9,1143.77,1138.21
1164.98,1148.45,1140.31
1165.15,1152.34,1142.9
1157.95,1154.28,1146.24
1153.16,1154.95,1150.14
1168.31,1158.15,1153.85
1158.71,1159.04,1157.14
1150.18,1158.04,1159.28
1153.56,1157.59,1159.88
1164.36,1158.76,1159.55
1171.34,1160.87,1158.87
1189.56,1166.11,1158.59
1189.5,1170.88,1159.74
1196.6,1176.51,1162.62
1207.67,1183.44,1167.5
1191,1186.36,1174.28
1194.44,1189.48,1181.22
1188.32,1190.85,1187.42
1207.29,1194.96,1191.76
1204.01,1197.51,1194.48
1203.91,1199.32,1195.92
1196.77,1199.23,1197.05
1199.09,1199.44,1197.99
1211.07,1201.65,1199.1
1198.09,1201.24,1200.45
1182.41,1198.15,1201.25
1165.61,1192.16,1201.22
1154.49,1184.68,1199.39
1169.45,1180.53,1195.52
1160.23,1175.39,1189.73
1168.05,1172.47,1182.66
1185.34,1173.34,1175.69
1194.6,1176.11,1170.74
1189.35,1178.01,1169.12
1199.86,1182.21,1170.64
1201.36,1186.65,1174.88
1209.27,1192.18,1180.46
1211.78,1197.38,1186.51
1228.49,1204.57,1192.42
1239.06,1212.61,1197.98
1240.03,1219.39,1203.92
1227.41,1222.58,1210.47
1231.04,1225.65,1217.05
1207.25,1223.74,1223.01
1190.65,1218.48,1226.99
1191.01,1213.46,1227.58
1165.51,1203.99,1224.57
1184.55,1198.78,1217.68
1171.23,1191.64,1208.9
1173.56,1185.96,1199.35
1154.44,1178,1190.68
1135.16,1168.09,1183.21
1131.52,1159.2,1176.6
1110.7,1148.33,1169.73
1125.78,1141.95,1161.63
1132.83,1138.04,1152.63
1139.93,1136.48,1143.44
1153.66,1137.88,1136.26
1138.63,1137.1,1132.21
1141.5,1137.44,1131.68
1115.19,1133.59,1133.67
1099.15,1127.52,1135.96
1117.95,1125.53,1136.39
1118.53,1123.9,1134.06
1127.1,1123.68,1129.69
1158.07,1129.06,1124.72
1162.93,1134.87,1121.93
1158.22,1139.41,1122.94
1153.01,1142.92,1127.7
1165.73,1148.47,1135.14
1163.41,1153.17,1143.13
1173.09,1158.75,1150.14
1173.24,1163.01,1155.79
1159.05,1163.68,1159.77
1152.91,1162.51,1162.5
1147.43,1159.86,1164.24
1151.09,1158.08,1164.4
1165.98,1159.22,1163.01
1171.32,1161.19,1160.78
1172.11,1162.97,1158.9
1188.74,1167.65,1158.25
1198.07,1173.57,1160.09
1194.15,1178.33,1164.4
1201.8,1184.1,1170.36
1200.08,1188.77,1177.24
1186.95,1190.2,1183.85
1204.42,1194.09,1189.16
1208.67,1197.79,1193.21
1193.13,1197.88,1195.94
1210.29,1200.69,1197.45
1214.25,1203.53,1198.82
1224.21,1207.72,1200.34
1220.14,1210.69,1202.62
1212.96,1211.88,1205.77
1208.55,1212.07,1209.11
1185.11,1207.85,1211.95
1187.64,1204.11,1213.23
1188.62,1200.86,1212.08
1172.92,1195.12,1208.43
1178.01,1190.68,1202.94
1193.32,1189.6,1196.57
1199.3,1189.99,1191.04
1201.13,1191.17,1187.39
1197.53,1192.04,1186.29
1208.01,1195.09,1187.46
1208.19,1198.19,1190.28
1214.13,1201.94,1194.16
1217.7,1205.87,1198.25
1219.37,1209.57,1202.05
1226.82,1213.78,1205.7
1226.83,1217.1,1209.4
1224.4,1219.37,1213.1
1223.91,1221.1,1216.62
1229,1223.34,1219.64
1232.29,1225.6,1222.17
1234.14,1227.76,1224.09
1237.64,1230.08,1225.77
1237.19,1231.9,1227.44
1233.73,1232.73,1229.28
1233.16,1233.2,1231.24
1220.16,1231.18,1232.93
1214.55,1228.27,1233.67
1227.48,1227.89,1233.02
1235.48,1228.9,1231.31
1236.31,1229.94,1229.22
1233.84,1230.46,1227.68
1243.92,1232.82,1227.34
1246.1,1235.46,1228.57
1250.93,1238.81,1231.14
1248.32,1241.38,1234.62
1259.96,1245.79,1238.15
1257.69,1249.06,1241.76
1276.12,1254.9,1245.33
1278.54,1260.3,1249.27
1272.86,1263.88,1253.67
1285.46,1269.08,1258.37
1282.68,1272.85,1263.56
1286.26,1276.55,1268.58
1284.3,1279.18,1273.24
1287.41,1281.76,1277.06
1274.5,1281.28,1280.14
1286.11,1282.65,1281.93
1298.74,1285.79,1283.12
1299.71,1288.71,1283.94
1305.66,1292.32,1284.99
1307.55,1295.68,1287.05
1306.63,1298.47,1290.09
1311.35,1301.68,1294.01
1304.71,1303.22,1298.23
1292.48,1302.18,1301.93
1289.35,1300.47,1304.08
1294.9,1299.5,1304.58
1296.98,1298.75,1303.47
1290.56,1296.86,1301.27
1287.49,1294.59,1298.68
1301.28,1295.15,1296.18
1311.21,1297.63,1294.52
1307.71,1299.39,1294.26
1310.42,1301.7,1295.26
1295,1301.12,1297.41
1297.39,1300.92,1299.87
1281.81,1297.74,1302.02
1279.57,1294.39,1302.59
1294.43,1294.06,1301.06
1298.87,1294.47,1298.07
1297.99,1294.51,1294.82
1306.6,1296.17,1292.43
1306.7,1297.94,1291.86
1300.84,1298.66,1293.28
1299.74,1299.35,1295.79
1293.7,1298.86,1298.64
1290.83,1297.92,1300.45
1294.5,1297.48,1300.9
1289.07,1295.78,1300.17
1279.29,1292.4,1298.38
1274.02,1288.42,1295.87
1280.13,1285.98,1292.93
1283.65,1284.66,1289.75
1276.41,1282.45,1286.68
1276.39,1280.68,1283.91
1279.51,1279.9,1281.63
1281.7,1279.78,1280.09
1290.85,1281.48,1279.34
1297.03,1284.38,1279.43
1299.94,1287.66,1280.46
1309.57,1292.31,1282.56
1324.04,1298.96,1286
1332.92,1306.41,1290.85
1330.06,1312.45,1296.99
1339.88,1319.3,1304.01
1334.95,1324.1,1311.51
1341.33,1329.06,1318.67
1354.57,1335.33,1325.11
1353.81,1340.31,1330.72
1358.5,1345.11,1335.51
1359.09,1348.95,1339.98
1362.94,1352.59,1344.35
1378.4,1358.33,1348.65
1377.4,1363.07,1353.08
1373.38,1366.21,1357.65
1375.82,1369.19,1361.96
1378.32,1371.88,1366.08
1382.23,1374.61,1369.77
1397.19,1379.56,1372.8
1391.93,1382.76,1375.69
1407.45,1388.17,1378.46
1408.41,1392.88,1381.93
1416.66,1398.27,1386.33
1415.32,1402.71,1391.51
1417.33,1406.83,1397.07
1423.46,1411.26,1402.51
1405.99,1411.66,1407.47
1412.06,1412.65,1411.19
1425.07,1415.47,1413.68
1422.86,1417.37,1415.02
1416.14,1417.5,1415.9
1420.95,1418.34,1416.42
1434.44,1421.4,1417.17
1440.48,1425.24,1418.44
1434.09,1427.46,1420.59
1439.2,1430.31,1423.37
1449.09,1434.66,1426.47
1461.41,1440.48,1430.16
1472.05,1447.33,1434.47
1478.77,1454.55,1439.47
1490.82,1462.94,1445.37
1474.2,1466.95,1452.48
1499.22,1474.54,1460.01
1506.37,1482.26,1467.79
1505.72,1488.66,1475.19
1500.35,1492.78,1482.05
1499.81,1495.69,1488.08
1497.3,1497.22,1493.15
1489.11,1496.61,1496.95
1488.95,1495.67,1499.03
1514.11,1499.11,1499.32
1526.74,1504.42,1498.6
1521.52,1507.83,1498.76
1523.29,1511.16,1500.36
1532.07,1515.77,1503.93
1546.64,1522.55,1509.12
1528.74,1525.24,1515.44
1540.13,1529.48,1521.41
1530.32,1531.15,1526.53
1518.05,1529.84,1530.24
1541.58,1532.28,1532.34
1539.6,1533.86,1533.26
1540.72,1535.41,1533.28
1549.31,1538.17,1533.29
1559.35,1542.29,1534.13
1560.98,1546.2,1536.43
1566.92,1550.94,1539.92
1577.65,1556.93,1544.75
1576.68,1562.06,1550.16
1578.7,1566.72,1555.8
1586.79,1571.75,1561.6
1598.13,1578.01,1566.97
1591.65,1582.03,1572.23
1568.25,1580.88,1577.17
1543.67,1574.91,1580.97
1529.52,1566.65,1582.3
1478.97,1549.77,1580.07
1523.95,1542.67,1572.41
1544.03,1540.2,1560.79
1560.87,1541.38,1547.75
1544.57,1539.92,1537.16
1561.06,1542.23,1531.42
1549.55,1543.12,1531.62
1550.54,1544.96,1536.04
1520.52,1541.66,1542.21
1528.46,1540.22,1546.58
1489.53,1531.73,1547.35
1470.72,1519.62,1544.23
1490.25,1512.03,1536.65
1516.81,1510.25,1526.41
1527.32,1511.18,1515.67
1521.53,1511.37,1507.54
1529.76,1513.78,1503.38
1545.46,1519.4,1504.21
1559.1,1527.59,1509.12
1549.35,1533.31,1517.19
1553.85,1539.47,1525.6
1574.25,1548.17,1533.56
1582.93,1556.56,1541.05
1584.93,1563.63,1548.25
1597.86,1571.82,1555.36
1589.19,1577.14,1562.68
1578.95,1579.37,1570.01
1601.15,1584.75,1576.58
1614.15,1591.47,1582.25
1621.12,1598.47,1586.86
1622.48,1604.4,1591.28
1617.73,1608.23,1596.22
1623.48,1612.3,1601.68
1630.09,1616.85,1607.51
1617.89,1618.35,1613.23
1627.96,1621.32,1617.52
1643.4,1626.39,1620.47
1643.43,1630.3,1622.95
1631.27,1631.23,1625.4
1607.46,1627.51,1628.06
1593.1,1621.44,1629.97
1619.57,1620.71,1629.85
1601.61,1616.68,1627.83
1581.32,1609.36,1623.55
1562.07,1599.43,1617.33
1539.26,1586.36,1609.85
1555.61,1577.88,1600.93
1522.66,1565.01,1591.1
1490.21,1548.43,1579.72
1516.24,1539.15,1566.38
1528.55,1533.76,1552.65
1452.63,1515.75,1540.37
1433.47,1497.29,1528.18
1403.27,1476.39,1515.86
1465.27,1470,1501.38
1471.04,1466.42,1486.16
1427.42,1456.16,1471.99
1437.7,1450.09,1459.4
1402.19,1439.11,1450.52
1400.5,1429.42,1444.77
1364.09,1415.22,1440.17
1384.63,1407.74,1432.95
1424.38,1408.73,1423.3
1446.45,1413.89,1412.72
1451.9,1419.26,1405.65
1463.98,1427.07,1403.91
1443.57,1431.3,1408.69
1430.88,1432.92,1418.52
1441.33,1436.57,1429.2
1404.64,1432.84,1438.17
1398.69,1427.95,1441.72
1388.41,1420.56,1440.12
1447.04,1423.76,1433.9
1453.71,1427.77,1426.62
1455.4,1431.95,1421.16
1451.45,1435.34,1420
1458.08,1440.17,1423.28
1487.19,1450.03,1430.34
1481.84,1457.9,1439.93
1513.31,1470.74,1449.44
1501.36,1479.44,1459.13
1456.68,1478.15,1468.26
1476.71,1479.26,1476.27
1454.28,1475.75,1482.03
1435.44,1468.81,1484.14
1423.14,1459.99,1481.61
1437.51,1454.3,1474.68
1420.94,1445.98,1465.28
1424.31,1439.46,1454.7
1429.39,1434.92,1445.37
1429.99,1432.02,1437.73
1447.16,1433.53,1432.26
1432.25,1432.5,1430.07
1459.08,1437.17,1429.62
1460.63,1442.02,1431.44
1453.07,1445.05,1434.92
1445.76,1446.2,1439.54
1398.48,1438.6,1443.93
1370.86,1426.39,1446.1
1355.14,1412.3,1443.85
1351.81,1398.94,1435.81
1338.13,1384.53,1422.41
1329.18,1370.47,1404.87
1293.97,1351.88,1386.37
1275.76,1332.98,1368.03
1292.53,1320.49,1350.84
1294.3,1311.24,1335.37
1323.7,1310.09,1321.31
1315.41,1308.8,1310.49
1303.21,1306.29,1303.66
1313.49,1306.6,1301.13
1336.25,1311.74,1302.25
1384.31,1325.65,1306.07
1393.17,1340.18,1312.28
1411.18,1356.17,1321.15
1397.9,1367.29,1333.54
1401.08,1377.07,1348.43
1445.11,1392.91,1364.64
1443.78,1406.31,1380.5
1439.13,1416.52,1394.58
1489.06,1433.34,1406.54
1486.76,1446.55,1418.12
1436.68,1447.92,1430.25
1417.77,1444.9,1441.35
1436.9,1444.91,1449.78
1424.76,1442.25,1453.7
1417.49,1437.77,1452.63
1383.16,1426.76,1447.64
1408.19,1421.42,1439
1408.99,1416.87,1429.61
1429.18,1416.55,1421.49
1427.72,1417.04,1415.58
1414.62,1416.23,1412.31
1434.06,1419.36,1411.82
1434.66,1422.29,1414.09
1451.91,1428.41,1417.74
1457.78,1435.1,1422.48
1459.84,1441.42,1427.5
1472.9,1448.73,1433.36
1464.38,1453.32,1439.84
1469.09,1457.75,1446.83
1484.72,1464.3,1453.43
1448.54,1463.24,1459.4
1457.36,1463.16,1463.67
1466.32,1464.29,1465.91
1454.88,1462.76,1466.58
1449.62,1460.22,1465.62
1455.86,1458.97,1463.58
1431.12,1453.28,1461.22
1442.88,1450.5,1458.07
1429.08,1445.6,1454.91
1388.4,1434.03,1451.26
1415.44,1429.13,1445.5
1434.97,1428.38,1438.96
1425.23,1426.26,1432.27
1405.03,1421.22,1426.38
1405.91,1417.25,1421.99
1413.08,1415.37,1419.18
1404.77,1412.77,1417.29
1415.69,1412.62,1415.92
1420.66,1413.88,1414.31
1423.96,1415.88,1412.63
1412.44,1415.15,1412.29
1404.81,1413.09,1412.92
1375.86,1406.3,1413.91
1359.07,1397.37,1413.52
1352.86,1388.14,1410.41
1358.69,1380.93,1403.74
1373.11,1377.34,1394.09
1359.45,1371.83,1383.81
1371.13,1369.48,1374.49
1374.26,1368.59,1368.14
1383.89,1370.36,1365.18
1376.63,1371.33,1365.5
1361.57,1370.07,1367.59
1367.42,1370.13,1369.99
1369.35,1370.39,1371.75
1356.21,1367.97,1372.43
1341.13,1362.85,1371.69
1328.4,1355.99,1369.07
1337.18,1351.3,1364.84
1349.86,1349.53,1359.3
1346.63,1347.61,1353.63
1342.72,1345.66,1348.51
1326.14,1341.31,1344.77
1327.13,1337.79,1342.45
1332.45,1335.97,1340.95
1308.46,1330.46,1339.48
1298.71,1324.04,1336.81
1230.77,1306.04,1332.46
1224.62,1288.69,1324.68
1230.84,1274.53,1313.05
1262.36,1268.26,1297.75
1257.73,1262.68,1281.25
1258.26,1258.74,1266.1
1255.45,1255.53,1255.37
1283.56,1258.72,1250.21
1295.87,1265.05,1250.6
1277.03,1268.18,1255.34
1301.48,1276.15,1261.29
1295.41,1281.73,1268.38
1289.99,1285.04,1275.22
1293.1,1287.83,1281.54
1290.49,1289.6,1286.48
1308.34,1294.01,1289.81
1314.63,1298.66,1292.02
1288.59,1297.5,1294.2
1271.79,1293.19,1295.96
1271.42,1289.25,1296.72
1264.07,1284.07,1296.27
1274.28,1281.44,1293.32
1292.81,1282.55,1288.53
1276.84,1280.71,1283.43
1280.25,1279.79,1279.13
1295.24,1281.78,1277.12
1296.49,1284.23,1277.6
1290.66,1285.96,1279.77
1296.25,1288.66,1282.81
1314.06,1294.16,1286.03
1311.87,1298.48,1289.38
1332.37,1305.66,1293.09
1326.21,1310.67,1297.82
1321,1314.12,1303.05
1303.98,1313.67,1308.77
1304.21,1312.83,1313.68
1301.38,1311.32,1316.66
1303.88,1310.17,1317.01
1304.62,1308.91,1315.09
1318.05,1309.95,1311.87
1325.33,1312.23,1308.84
1339.21,1316.8,1307.67
1345.82,1322.44,1308.96
1351.64,1328.79,1312.99
1352.21,1334.68,1319.12
1355.08,1340.21,1326.55
1349.05,1343.73,1334.12
1364.28,1349.14,1340.74
1356.42,1352.03,1346.14
1370.5,1356.54,1350.11
1372.18,1360.4,1353.27
1377.1,1364.3,1356.22
1373.08,1366.78,1359.43
1364.27,1367.17,1362.93
1361.47,1366.81,1366.12
1360.5,1366.11,1368.38
1349.9,1363.39,1369.13
1354.01,1361.4,1368.2
1360.44,1360.76,1365.71
1355.95,1359.23,1362.82
1368.9,1360.33,1360
1376.26,1362.82,1358.4
1387.48,1367.36,1358.41
1396.62,1373.31,1360.43
1391.22,1377.69,1364.58
1392.01,1381.66,1370.16
1379.34,1382.77,1376.26
1382.02,1383.82,1381.68
1389.56,1385.74,1385.44
1389.16,1387.05,1387.24
1401.84,1390.06,1387.62
1408.78,1393.74,1387.63
1409.18,1396.9,1388.51
1413.07,1400.37,1390.84
1415.05,1403.91,1394.56
1423.39,1408.52,1399.18
1422.67,1412.44,1403.97
1408.16,1412.93,1408.56
1411.23,1413.5,1412.14
1412.33,1413.88,1414.46
1414.94,1414.31,1415.57
1421.48,1415.69,1415.6
1404.01,1413.66,1415.17
1402.61,1411.48,1414.38
1379.02,1405.19,1413.44
1377.37,1399.26,1411.6
1375.14,1393.76,1408.23
1396.03,1392.93,1402.99
1395.21,1392.16,1397.17
1405.26,1393.52,1391.89
1410.63,1395.98,1388.89
1394.69,1395.61,1389
1402.92,1397.24,1391.28
1405.21,1399.29,1394.95
1396.84,1399.78,1398.32
1388.29,1398.4,1400.61
1392.73,1397.61,1401.19
1402.79,1398.34,1400.56
1408.51,1399.99,1399.2
1415.73,1402.71,1398.25
1440.94,1409.82,1398.4
1454.24,1418.79,1400.65
1449.4,1425.81,1405.91
1453.16,1432.66,1413.61
1458.02,1439.53,1422.82
1457.3,1445.15,1432.24
1469.19,1451.68,1440.67
1463.71,1455.82,1447.63
1457.02,1457.64,1452.79
1456.02,1458.39,1456.35
1471.85,1461.29,1458.74
1471.02,1463.48,1460.4
1451.36,1461.79,1461.59
1461.91,1461.98,1462.24
1467.29,1462.99,1462.61
1468.7,1464.08,1462.8
1460.92,1463.56,1463.16
1468.49,1464.56,1463.34
1477.48,1467.11,1463.65
1483.24,1470.33,1464.46
1485.75,1473.52,1466.2
1491.81,1477.55,1468.75
1493.21,1481.47,1472.07
1495.83,1485.09,1476.24
1503.21,1489.45,1480.7
1507.58,1493.94,1485.24
1507.92,1497.79,1489.54
1518.01,1502.62,1493.66
1529.23,1508.59,1497.78
1524.53,1512.76,1502.25
1530.42,1517.25,1506.98
1535.66,1521.89,1512
1533.41,1525.31,1517.02
1538.55,1528.94,1521.7
1520.81,1528.57,1525.92
1541.56,1531.65,1528.89
1543.92,1534.55,1531.01
1543.85,1536.77,1532.6
1538.13,1537.49,1534.09
1520.55,1534.85,1535.51
1518.79,1531.96,1536.51
1502.39,1526.29,1536.51
1500.2,1520.84,1534.51
1519.38,1519.48,1530.32
1528.98,1520.21,1524.71
1522.41,1519.6,1519.74
1522.27,1519.31,1516.35
1520.31,1519.06,1515.44
1544.55,1523.64,1516.51
1541.97,1527.64,1519.21
1546.62,1532.09,1522.78
1542.36,1535.26,1526.64
1542.85,1537.8,1530.67
1550.77,1541,1534.76
1551.41,1543.75,1538.59
1556.97,1547.09,1541.78
1563.13,1550.93,1544.47
1560.17,1553.49,1546.99
1564.58,1556.13,1549.79
1559.05,1557.4,1552.74
1561.63,1558.82,1555.67
1565.35,1560.65,1558.1
1568.6,1562.65,1559.94
1583.27,1566.85,1561.35
1579.73,1569.82,1562.94
1584.32,1573.11,1565.1
1584.77,1575.98,1568.14
1583.18,1578.16,1571.76
1582.13,1579.74,1575.55
1580.87,1580.77,1578.73
1581.36,1581.5,1580.99
1579.12,1581.45,1582.16
1565.41,1578.67,1582.4
1570.64,1576.89,1581.69
1584.23,1577.81,1580.16
1584.91,1578.78,1578.56
1589.51,1580.57,1577.32
1590.13,1582.38,1577.11
1591.89,1584.39,1578.2
1591.99,1586.25,1580.5
1600.16,1589.38,1583.49
1585.79,1589.56,1586.69
1585.67,1589.6,1589.1
1587.35,1589.57,1590.64
1569.73,1586.04,1591.21
1570.28,1582.87,1590.29
1543.13,1575.03,1588.15
1539.39,1567.35,1584.06
1543.39,1561.33,1578.14
1560.61,1559.31,1570.86
1552.72,1556.43,1563.63
1542.35,1552.53,1557.28
1546.78,1550.23,1552.77
1547.41,1548.74,1550.25
1526.15,1544.12,1549.1
1528.71,1540.75,1548.13
1526.67,1537.77,1546.17
1526.14,1534.99,1543.13
1532.72,1533.65,1539.26
1539.91,1533.81,1535.58
1547.89,1535.8,1532.73
1556.53,1539.45,1531.64
1562.67,1543.95,1532.92
1565.35,1548.66,1536.38
1584.16,1556.46,1541.34
1579.18,1562.29,1547.82
1585.15,1568.3,1554.72
1577.4,1571.83,1561.7
1580.77,1575.04,1567.98
1578.37,1576.95,1573.13
1567.34,1576.15,1576.77
1571.2,1575.69,1578.52
1562.03,1573.31,1578.6
1577.21,1573.69,1577.12
1575.88,1573.62,1575.25
1569.07,1572.46,1573.34
1581.27,1573.7,1572.05
1577.55,1574.33,1571.69
1568.68,1573.35,1572.31
1579.2,1574.51,1573.21
1590.14,1577.63,1574.19
1596.8,1581.56,1575.39
1591,1583.96,1576.98
1599.82,1587.44,1579.4
1593.91,1589.43,1582.58
1593.82,1591.08,1586.13
1594,1592.32,1589.65
1594.58,1593.42,1592.27
1597.76,1594.8,1593.79
1575.55,1591.61,1594.58
1559.56,1585.58,1594.27
1526.81,1574.15,1592.48
1514.95,1561.83,1587.89
1478.49,1544.27,1579.99
1461.74,1525.87,1567.57
1480.2,1513.23,1551.06
1516.79,1509.31,1532.48
1514.35,1506.34,1515.42
1536.83,1508.93,1502.83
1531.17,1511.59,1497.09
1525.06,1513.95,1498.3
1504.89,1513.27,1504.36
1510.41,1513.99,1511.88
1498.22,1512.57,1517.51
1497.67,1510.7,1519.42
1483.25,1505.55,1517.78
1477.58,1499.32,1513.33
1500.75,1498.01,1507.05
1521.62,1500.75,1501.27
1529.42,1505.18,1497.25
1531.21,1509.96,1496.38
1534.97,1515.32,1498.98
1523.24,1518,1504.92
1523.38,1520.47,1512.18
1517.74,1521.46,1519.12
1535.37,1525.28,1523.71
1535.09,1528.11,1526.03
1537.36,1530.31,1526.89
1560.34,1536.02,1527.42
1598.33,1547.93,1529.19
1588.31,1556.77,1533.91
1589.81,1564.84,1541.6
1592.81,1572.46,1551.6
1586.4,1577.65,1562.69
1581.25,1580.76,1572.85
1582.7,1582.98,1580.74
1602.54,1587.94,1585.24
1599.81,1591.18,1587.33
1607.92,1594.76,1588.31
1613.63,1598.51,1589.81
1601.77,1599.83,1592.3
1594.96,1599.67,1595.83
1605.11,1601.26,1599.33
1613.4,1604.13,1602.01
1615.89,1606.96,1603.66
1608.04,1607.74,1604.71
1587.75,1604.36,1605.68
1603.14,1604.05,1606.05
1599.96,1603.11,1606.27
1603.45,1602.94,1605.78
1593.89,1601.22,1604.54
1598.66,1600.51,1602.76
1589.33,1598.04,1601.13
1593.55,1596.62,1599.64
1587.01,1594.38,1598.42
1582.14,1591.77,1596.96
1562.84,1586.12,1594.94
1553.33,1579.2,1592.12
1568.29,1575.91,1587.85
1559.71,1571.63,1582.78
1531.04,1562.93,1577
1543.84,1557.7,1570.63
1544.34,1553.56,1564.24
1541.55,1549.73,1558.35
1515.57,1542.13,1553.14
1512.84,1535.32,1548.11
1531.5,1533.17,1542.81
1532.13,1531.7,1537.76
1529.96,1530.23,1533.45
1520.01,1527.64,1530.03
1514.45,1524.76,1527.55
1512.8,1521.88,1526.19
1496.41,1516.59,1525.04
1495.22,1511.96,1523.04
1496.51,1508.4,1519.42
1505.94,1506.9,1514.63
1525.58,1509.09,1509.73
1532.23,1512.61,1506.19
1536.05,1516.82,1505.3
1549.53,1523.36,1507.51
1544.86,1528.53,1512.84
1545.11,1533.18,1520.07
1547.83,1537.74,1527.63
1570,1545.4,1534.45
1566.85,1551.12,1540.33
1560.32,1554.38,1545.38
1569.35,1558.29,1549.95
1552.01,1558.26,1554.26
1544.84,1556.56,1557.76
1555.46,1556.63,1559.87
1548.83,1555.38,1560.21
1531.53,1550.92,1558.84
1522.47,1545.06,1555.93
1526.74,1540.44,1551.97
1519.88,1535.36,1547.11
1498.31,1527.21,1541.71
1510.51,1522.4,1535.63
1501.3,1516.99,1529.14
1485.72,1509.67,1522.68
1495.95,1505.28,1516.39
1497.4,1502.24,1510.54
1512.19,1502.82,1505.34
1510.41,1503.44,1501.69
1525.96,1507.09,1500
1520.11,1509.7,1500.69
1526.25,1513.42,1503.34
1523.86,1516.2,1507.79
1508.16,1515.88,1512.54
1497.98,1513.59,1516.3
1500.84,1511.59,1518.17
1493.61,1508.19,1517.58
1496.05,1505.3,1514.8
1476.87,1499.22,1510.47
1482.07,1494.69,1505.29
1490.9,1492.57,1499.88
1507.37,1493.97,1495.24
1508.28,1495.88,1492.14
1492.32,1495.17,1490.98
1504.04,1496.88,1491.56
1514.81,1500.44,1493.74
1508.23,1502.55,1496.83
1501.89,1503.24,1500.09
1503.28,1504.08,1502.56
1514.79,1506.53,1504.27
1508.04,1507.15,1505.49
1491.46,1504.45,1506.41
1504.06,1504.34,1506.54
1503.23,1504.14,1506.08
1518.26,1506.48,1505.34
1519.47,1508.79,1504.89
1518.03,1510.74,1505.11
1511.19,1511.28,1506.39
1504.55,1510.44,1508.53
1491.62,1507.22,1510.81
1489.59,1504.06,1511.78
1473.23,1498.25,1510.7
1483.77,1494.7,1507.19
1470.25,1489.05,1501.85
1472.57,1484.43,1495.57
1484.9,1482.88,1489.29
1490.65,1483,1484.19
1488.4,1483.22,1480.95
1486.74,1483.54,1479.82
1481.26,1483.19,1480.43
1479.31,1482.68,1482.03
1466.71,1480.06,1483.5
1447.44,1474.06,1484.01
1447.84,1468.79,1482.13
1444.66,1463.35,1478.07
1438.08,1457.22,1472.13
1412.55,1447.3,1465.03
1408.07,1437.99,1456.98
1417.49,1431.84,1448.48
1440.12,1431.08,1440.08
1442.04,1431.41,1433.06
1432.16,1430.62,1428.22
1436.36,1431.22,1426.02
1430.58,1430.97,1426.68
1428.79,1430.71,1428.97
1420.13,1429.17,1431.49
1408.32,1425.81,1432.6
1404.15,1421.76,1431.64
1413.92,1419.56,1428.62
1408.74,1416.48,1424.55
1372.61,1407.41,1419.98
1379.12,1400.78,1414.69
1372.53,1393.92,1409.12
1365.61,1386.96,1402.78
1301.06,1369.44,1395.8
1323.88,1358.4,1386.42
1320.08,1348.42,1375.25
1358.03,1346.94,1362.66
1365.94,1347.73,1351.29
1382.41,1352.4,1343.03
1362.39,1353.9,1339.91
1372.45,1357.42,1342.29
1383.48,1363.06,1348.74
1370.75,1366.19,1357.05
1371.4,1369.35,1364.01
1379.32,1372.66,1369.27
1396.29,1378.06,1372.09
1396.16,1382.04,1374.37
1381.72,1382.71,1376.65
1377.15,1382.25,1379.4
1370.65,1380.72,1381.84
1381.8,1381.05,1383.58
1389.7,1382.66,1384.09
1390.32,1384.26,1383.42
1392.73,1385.95,1382.54
1379.32,1384.81,1382.38
1375.17,1382.92,1383.12
1372.35,1380.9,1384.15
1376.83,1380.12,1384.5
1352.13,1374.94,1383.74
1348.84,1369.62,1381.08
1349,1364.73,1376.97
1345.15,1359.73,1371.77
1346.35,1355.76,1366
1363.17,1355.65,1360.36
1370.69,1357.44,1355.76
1393.66,1363.57,1353.27
1392.15,1369.08,1354.04
1411.33,1377.73,1358.12
1412.49,1385.95,1365.15
1406.69,1392.03,1374.35
1405.08,1396.76,1384.04
1425.32,1404.15,1392.72
1418.38,1408.82,1399.99
1416.91,1411.91,1405.52
1418.63,1414.34,1409.51
1415.8,1415.38,1412.57
1416.14,1416.08,1414.65
1424.16,1417.81,1416.25
1424.05,1419.28,1417.28
1409.26,1417.85,1417.99
1390.04,1412.88,1418.26
1394.94,1409.08,1417.7
1413.34,1409.17,1415.71
1412.62,1409.22,1412.92
1423.42,1411.32,1409.84
1413.16,1411.46,1407.76
1414.54,1411.9,1407.29
1402.57,1410.19,1408.66
1398.38,1408.12,1410.63
1390.15,1405.01,1411.81
1384.29,1401.19,1411.02
1382.46,1397.14,1408.16
1388.62,1394.44,1403.69
1390.17,1392.46,1398.56
1376.82,1388.47,1394.04
1384.97,1386.81,1390.21
1393.84,1387.27,1387.69
1394.22,1388.18,1386.32
1384.92,1387.55,1386.11
1381.46,1386.53,1386.47
1365.81,1382.83,1386.99
1363.13,1378.97,1386.74
1359.7,1374.85,1385.25
1357.01,1370.76,1382.06
1339.45,1364.08,1377.29
1340.62,1358.29,1371.42
1333.57,1352.03,1365.13
1306.98,1342.03,1358.72
1297.82,1331.94,1351.74
1280.92,1320.37,1343.93
1267.61,1308.21,1334.52
1300.51,1303.82,1323.54
1299.12,1300.31,1312.51
1310.34,1299.94,1302.78
1284.92,1295.8,1296.15
1264.44,1288.93,1292.93
1261.66,1282.93,1291.71
1274.5,1280.58,1290.49
1284.15,1280.58,1288.16
1282.93,1280.6,1284.37
1285.87,1281.12,1280.25
1283.78,1280.92,1277.72
1288.02,1281.8,1277.13
1263.41,1278.41,1278.74
1253.34,1274.04,1280.33
1260.04,1271.47,1280.5
1224.83,1262.57,1278.6
1244.18,1257.86,1273.77
1234.5,1251.94,1267.14
1255.3,1250.71,1259.38
1278.61,1254.21,1252.54
1263.29,1255.06,1248.47
1245.85,1253.12,1247.74
1245.05,1251.79,1249.37
1266.01,1254.61,1252.19
1248.98,1254.11,1255.03
1245.61,1253.19,1256.09
1268.03,1255.97,1255.89
1267.7,1258.26,1254.92
1268.07,1260.01,1254.7
1278.29,1263.38,1255.82
1288.4,1268.6,1258.23
1300.98,1275.65,1261.98
1297.34,1281.04,1267.16
1285.3,1283.29,1273.35
1291.77,1286.36,1279.22
1297.11,1289.63,1284.46
1306.29,1293.63,1288.65
1307.57,1297.16,1291.6
1303.96,1299.32,1293.89
1304.74,1300.96,1296.03
1280.74,1297.76,1298.34
1276.49,1293.92,1300.02
1288.4,1292.7,1300.11
1289.36,1291.81,1298.4
1288.47,1290.69,1295.35
1294.59,1290.74,1291.87
1320.19,1295.49,1289.29
1325.79,1301.01,1289.01
1331.93,1307.31,1291.55
1333.42,1313.37,1296.87
1343.07,1320.67,1303.9
1332.37,1324.89,1312.07
1346.95,1330.74,1319.95
1365.31,1338.87,1326.84
1379.33,1348.16,1332.84
1379.53,1355.84,1338.78
1395.75,1364.92,1345.44
1374.62,1368.79,1353.33
1390.66,1374.69,1361.62
1379.06,1377.41,1369.72
1393.41,1381.91,1376.22
1394.27,1385.65,1380.72
1382.93,1386.2,1383.72
1377.8,1385.17,1385.46
1380.2,1384.34,1386.3
1382.96,1384,1386.38
1393.63,1385.54,1385.96
1397.2,1387.77,1385.12
1412.16,1392.3,1384.95
1405.41,1395.22,1385.98
1394.78,1395.73,1388.8
1389.01,1395.16,1392.49
1392.85,1395.39,1395.86
1410.29,1398.6,1398
1407.7,1400.76,1398.93
1400.72,1401.14,1399.06
1400.27,1401.12,1399.16
1373.59,1396.13,1399.67
1356.69,1388.5,1399.86
1369.64,1384.23,1398.23
1369.84,1380.64,1394.36
1385.42,1380.35,1388.41
1398.77,1382.54,1382.2
1416,1387.76,1377.95
1414.96,1392.69,1377.35
1423.9,1399.11,1380.91
1410.81,1402.72,1388.02
1408.71,1405.77,1396.21
1418.78,1410.01,1403.72
1411.84,1411.85,1409.48
1399.91,1410.76,1412.66
1404.61,1409.98,1413.57
1397.87,1407.63,1412.84
1390.7,1403.98,1411.04
1394.14,1401.42,1408.35
1390.13,1398.52,1405.33
1382.41,1394.82,1401.88
1399.31,1394.71,1398.37
1394.69,1393.93,1395.59
1397.63,1394.13,1393.48
1406.57,1396.2,1392.47
1400.5,1397.06,1392.89
1385.86,1395.32,1394.21
1381.69,1393.05,1395.66
1384.26,1391.41,1396.45
1397.63,1392.38,1395.86
1401.64,1393.94,1394.29
1412.67,1397.15,1392.74
1424.12,1402.21,1392.17
1424.28,1406.76,1393.9
1415.76,1409.27,1398.07
1424.06,1413.13,1403.6
1436.43,1418.81,1409.44
1443.42,1424.84,1414.88
1442.42,1429.57,1419.72
1445.54,1433.8,1424.2
1435.65,1435.37,1428.56
1429.21,1435.15,1432.68
1421.86,1433.29,1435.96
1428.1,1432.6,1437.44
1434.89,1433.08,1436.94
1411.19,1428.91,1435.19
1421.32,1426.81,1432.36
1421.99,1425.1,1429.44
1430.8,1425.39,1426.82
1424.68,1424.78,1425.06
1436.4,1426.67,1423.98
1413.19,1424.34,1423.98
1424.31,1424.31,1424.27
1437.42,1426.63,1424.93
1442.66,1429.73,1425.76
1444.99,1433.11,1426.63
1454.56,1437.61,1428.35
1450.07,1440.7,1431.15
1452.59,1443.73,1435.07
1456.72,1447.12,1439.58
1455.65,1449.73,1444.18
1468.39,1454.31,1447.81
1474.92,1459.07,1451.11
1477.61,1463.4,1454.26
1488.69,1469.01,1457.73
1492,1474.39,1462.07
1510.03,1482.19,1467.32
1502.7,1487.65,1473.52
1509.13,1493.33,1480.21
1512.66,1498.61,1487.01
1504.81,1501.45,1493.39
1515.4,1505.33,1498.87
1524.58,1510.02,1503.26
1524.07,1513.71,1506.79
1512.62,1514.47,1509.87
1497.51,1512.06,1512.45
1507.47,1511.35,1514.21
1507.93,1510.78,1514.73
1518.69,1512.06,1514.05
1542.26,1517.46,1512.67
1548.21,1523.4,1512.03
1548.13,1528.54,1513.64
1552.64,1533.9,1518
1549.11,1538.11,1524.72
1537.52,1539.76,1532.27
1531.63,1539.88,1538.77
1547.01,1542.18,1542.97
1538.76,1542.27,1544.61
1539.24,1541.87,1544.21
1540.06,1541.26,1542.92
1547.55,1542.04,1541.46
1544.1,1542.21,1540.69
1549.41,1543.42,1540.75
1544.15,1543.73,1541.53
1546.13,1544.49,1542.56
1548.44,1545.52,1543.69
1539.71,1544.65,1544.88
1521.48,1540.6,1545.44
1492.52,1531.6,1544.93
1496.9,1524.24,1542.11
1487.2,1515.91,1536.83
1455.38,1502.89,1528.86
1445.28,1489.64,1518.32
1411.85,1472.21,1505.79
1446.84,1463.55,1491.42
1458.19,1458.75,1477.1
1463.39,1456.54,1464.29
1479.07,1458.57,1454.75
1492.73,1463.86,1450.04
1473.78,1465.69,1451.17
1487.17,1470.39,1456.36
1505.99,1478.5,1463.8
1492.88,1483.31,1471.89
1490.14,1486.75,1478.63
1489.39,1488.64,1484.25
1479.58,1487.97,1488.03
1491.43,1489.06,1490.04
1483.21,1488.15,1490.83
1490.94,1488.57,1490.34
1509.78,1492.45,1489.07
1509.92,1495.7,1488.72
1513.86,1499.25,1489.81
1504.34,1500.93,1492.54
1457.02,1493.79,1496.48
1442.21,1484.57,1499.15
1406.18,1469.65,1498.47
1412.82,1457.27,1492.29
1477.61,1458.11,1480.41
1477.34,1458.99,1466.69
1477.54,1460.16,1454.85
1486.28,1463.51,1448.41
1492.73,1468.45,1449.16
1500.37,1475.18,1455.84
1506.47,1483.08,1465.61
1492.12,1487.47,1475.98
1498.36,1492.09,1484.1
1494.44,1494.32,1490.09
1495.72,1495.3,1494.22
1504.52,1497.56,1496.22
1498.65,1498.25,1497.23
1493.08,1497.54,1497.59
1485.7,1495.37,1497.61
1502.27,1496.34,1497.33
1509.84,1498.65,1497.06
1509.43,1500.82,1496.89
1514.26,1503.56,1497.44
1494.53,1502.42,1498.89
1469.23,1496.68,1500.84
1476.46,1492.74,1501.95
1474.64,1488.97,1501.13
1473.85,1485.5,1497.76
1473.86,1482.38,1492.32
1478.3,1480.28,1486.29
1485.68,1479.96,1481.05
1496.36,1482.02,1477.86
1490.11,1483.19,1477.35
1500.4,1486.66,1478.72
1500.78,1490.09,1481.61
1497.18,1492.3,1485.51
1510.24,1496.5,1489.4
1512.38,1500.45,1493.22
1501.66,1501.75,1496.74
1516.48,1505.23,1499.71
1520.53,1508.76,1502.53
1525.41,1512.54,1505.34
1526.32,1515.96,1508.25
1530.21,1519.43,1511.58
1521.25,1520.72,1515.13
1519.65,1521.36,1518.49
1522.51,1522.1,1521.35
1522.4,1522.6,1523.14
1511.65,1520.97,1523.73
1508.57,1518.59,1523.29
1504.12,1515.55,1521.83
1509.98,1513.87,1519.61
1515.23,1513.43,1516.99
1517.08,1513.53,1514.52
1524.6,1515.23,1512.58
1537.81,1519.27,1511.96
1542.94,1523.91,1513.23
1563.58,1531.94,1516.47
1571.05,1540.57,1521.81
1571.48,1548.21,1529.06
1564.08,1553.35,1537.55
1572.1,1558.86,1546.3
1572.93,1563.4,1554.37
1568.84,1566.14,1560.87
1575.24,1569.1,1565.42
1571.8,1570.52,1568.3
1566.84,1570.42,1569.84
1560.83,1568.79,1570.7
1554.88,1566.13,1570.77
1562.99,1565.23,1569.9
1570.79,1565.91,1568.24
1578.82,1567.93,1566.47
1584.29,1570.82,1565.28
1591,1574.72,1565.54
1590.8,1578.19,1567.84
1590.56,1581.32,1571.79
1577.31,1581.71,1576.67
1576.32,1581.73,1581.03
1572.67,1580.8,1583.88
1582.95,1581.42,1584.72
1589.13,1582.79,1583.94
1582.52,1582.64,1582.53
1589.29,1583.64,1581.28
1583.25,1583.46,1581.08
1585.24,1583.78,1581.78
1572.24,1581.84,1583.07
1573.37,1580.43,1583.81
1576.05,1579.59,1583.67
1577.84,1579.07,1582.44
1578.47,1578.58,1580.7
1564.42,1575.61,1578.93
1572.04,1574.48,1577.15
1567.32,1572.68,1575.84
1564.59,1570.78,1574.53
1558.03,1568.03,1573.15
1559.56,1566.06,1571.21
1567.19,1565.7,1568.98
1569.94,1565.95,1566.82
1566.2,1565.63,1565.22
1553.61,1563.24,1564.39
1549.87,1560.62,1563.87
1551.73,1558.6,1563.43
1549.24,1556.49,1562.34
1539.91,1553.02,1560.41
1535.51,1549.2,1557.43
1543.15,1547.18,1553.78
1540.8,1545.03,1550.14
1557.05,1546.31,1546.87
1560.98,1548.54,1544.79
1563.54,1551.33,1544.23
1568.78,1554.9,1545.57
1566.66,1557.73,1548.73
1568.72,1560.67,1552.96
1573.51,1564.12,1557.43
1570.5,1566.42,1561.53
1576.72,1569.21,1564.83
1574.97,1571.07,1567.33
1579.88,1573.21,1569.4
1575.11,1574.06,1571.19
1580.86,1575.7,1572.79
1583.82,1577.56,1574.36
1582.12,1578.85,1575.83
1583.53,1580.1,1577.27
1581.19,1580.66,1578.7
1582.78,1581.37,1579.91
1589.5,1583.08,1581
1575.91,1582.09,1581.95
1574.42,1580.81,1582.53
1567.19,1578.31,1582.52
1566.28,1575.79,1581.73
1570.02,1574.22,1580
1564.66,1571.92,1577.55
1562.27,1569.51,1574.66
1567.47,1568.42,1571.71
1566.77,1567.46,1569.31
1566.32,1566.71,1567.65
1564.12,1565.98,1566.58
1564.12,1565.47,1566.08
1573.05,1566.77,1565.77
1569.02,1567.22,1565.85
1568.02,1567.45,1566.18
1560.31,1566.31,1566.63
1550.27,1563.42,1566.97
1543.94,1559.6,1566.68
1537.42,1555.02,1565.17
1546.35,1552.6,1562.12
1548.29,1550.9,1557.94
1545.88,1549.05,1553.46
1549.64,1548.21,1549.65
1557.73,1549.26,1547.14
1564.69,1551.79,1546.45
1566.15,1554.65,1547.48
1569.41,1557.99,1549.88
1569.27,1560.95,1553.23
1568.17,1563.26,1556.97
1568.57,1565.08,1560.73
1561.66,1565.24,1563.9
1563.11,1565.42,1565.96
1567.6,1566.11,1566.89
1566.85,1566.33,1566.96
1568.95,1566.76,1566.54
1566.58,1566.69,1566.12
1570.28,1567.29,1565.98
1566.65,1567.2,1566.26
1563.81,1566.65,1566.76
1572.36,1567.73,1567.2
1577,1569.59,1567.52
1573.53,1570.54,1567.98
1576.58,1571.85,1568.66
1581.14,1573.83,1569.74
1578.62,1575.09,1571.33
1576.07,1575.71,1573.14